Tecnica,# de características seleccionadas,Eficiencia(%),Error de validación,IC(std),Tiempo de ejecución
SVM sin Selección,23,91.21875571749446,0.08781244282505538,0.026856402410310624,10.583084106445312 s
SVM + SFS,3,85.39205155746508,0.14101485677968972,0.015480697976276518,254.23147821426392 s
SVM + SFS,5,89.33046902971715,0.09965018845722573,0.00858206861757379,353.3728377819061 s
SVM + SFS,10,90.47619047619048,0.08201152954018284,0.012910089211737327,568.2071440219879 s
SVM + SFS,15,91.83673469387756,0.06920830653178175,0.012820500489625524,728.5093853473663 s
SVM + SFS,20,92.19477264590047,0.06732825463166717,0.0125860147118901,813.4110102653503 s
